{
  "h_init": {
    "n_examples": 299,
    "n_pos": 75,
    "spearman": 0.0296759961774011,
    "pearson": 0.014259549755387953,
    "auc": 0.5197619047619048,
    "score_mean": -0.9696096681729316,
    "score_std": 0.6722719754569109
  },
  "logit_confidence": {
    "n_examples": 299,
    "n_pos": 75,
    "spearman": 0.04299444024496967,
    "pearson": 0.039365428567463945,
    "auc": 0.5286309523809524,
    "score_mean": 0.6785604217678408,
    "score_std": 0.23909639118140422
  },
  "self_consistency": {
    "n_examples": 299,
    "n_pos": 75,
    "spearman": -0.04537034890992504,
    "pearson": -0.050495586707062425,
    "auc": 0.4719345238095237,
    "score_mean": 0.8018394648829431,
    "score_std": 0.21206492580552846
  }
}